Student,Class,Hindi,English,Science,Maths,History,Geography,Total,Results,Div
S1,11,65,10,59,3,71,37,245,0,3
S2,12,94,56,4,67,91,50,362,1,1
S3,9,7,85,76,99,60,25,352,0,2
S4,11,88,46,59,94,52,38,377,1,1
S5,11,39,81,37,38,6,54,255,1,3
S6,12,51,43,14,53,64,59,284,1,2
S7,9,73,48,6,38,50,21,236,0,3
S8,9,18,23,97,65,15,20,238,0,3
S9,11,15,64,14,43,59,59,254,0,3
S10,10,53,85,96,76,83,62,455,1,1
S11,11,61,17,16,16,20,48,178,0,0
S12,11,49,10,81,13,39,86,278,0,2
S13,11,21,24,83,93,93,28,342,0,2
S14,11,93,57,6,94,23,84,357,0,2
S15,12,44,6,72,59,40,6,227,0,3
S16,9,52,55,39,93,58,46,343,1,2
S17,12,16,7,47,29,89,16,204,0,3
S18,12,93,86,36,39,26,78,358,1,2
S19,12,88,72,43,32,61,2,298,0,2
S20,11,38,46,55,86,92,3,320,1,2
S21,10,87,47,31,35,79,57,336,1,2
S22,9,77,5,95,8,21,52,258,0,3
S23,10,6,44,8,62,13,29,162,0,0
S24,12,16,78,56,74,34,12,270,0,0
S25,12,83,86,42,14,39,40,304,1,2
S26,10,51,75,8,7,35,2,178,0,0
S27,10,72,30,11,65,67,6,251,0,3
S28,10,1,16,93,94,13,63,280,0,2
S29,12,8,7,60,95,36,79,285,0,2
S30,12,93,41,42,98,72,84,430,1,1
S31,9,73,67,41,75,4,15,275,0,2
S32,9,57,1,48,64,38,72,280,1,2
S33,12,22,51,9,14,76,22,194,0,0
S34,10,29,32,66,29,88,26,270,0,0
S35,10,91,75,94,18,20,35,333,0,2
S36,9,29,29,83,45,82,59,327,0,2
S37,12,84,67,78,98,27,72,426,1,1
S38,9,66,87,33,66,54,28,334,0,2
S39,9,29,75,50,77,40,53,324,1,2
S40,11,31,35,90,73,40,47,316,1,2
S41,11,10,80,8,56,13,94,261,0,3
S42,11,72,94,21,33,74,69,363,0,1
S43,10,66,87,16,23,89,80,361,0,1
S44,12,55,15,24,1,25,97,217,0,3
S45,12,30,41,40,45,74,58,288,1,2
S46,12,33,13,30,2,3,22,103,0,0
S47,12,61,76,62,34,7,31,271,0,2
S48,11,96,69,25,48,55,84,377,1,1
S49,10,5,33,98,88,17,94,335,0,2
S50,10,16,40,31,47,77,32,243,0,3
S51,11,44,97,54,12,34,8,249,0,3
S52,10,94,73,93,73,20,4,357,0,2
S53,11,36,90,8,85,93,42,354,1,2
S54,12,14,82,97,51,48,47,339,1,2
S55,11,83,33,74,33,23,43,289,0,2
S56,12,4,53,69,94,25,57,302,0,2
S57,12,78,81,96,1,60,28,344,0,2
S58,9,23,11,48,34,15,67,198,0,0
S59,11,96,53,60,90,14,90,403,1,1
S60,9,17,26,8,66,0,38,155,0,0
S61,11,50,66,41,99,89,94,439,1,1
S62,11,84,41,40,75,41,57,338,1,2
S63,9,50,86,18,70,17,85,326,0,2
S64,9,18,90,17,48,37,48,258,0,3
S65,11,23,43,40,15,97,57,275,0,2
S66,10,27,92,28,43,71,0,261,0,3
S67,12,21,66,72,29,66,7,261,0,3
S68,9,80,37,9,6,1,17,150,0,0
S69,12,4,78,2,21,60,4,169,0,0
S70,10,80,29,73,65,38,83,368,1,1
S71,10,37,62,23,54,98,92,366,1,1
S72,10,71,67,43,56,1,56,294,1,2
S73,9,76,82,23,14,0,23,218,0,3
S74,10,73,23,82,27,60,29,294,0,2
S75,9,75,93,14,31,70,81,364,0,1
S76,10,98,45,93,21,40,95,392,1,1
S77,12,74,82,12,78,56,57,359,1,2
S78,12,54,60,59,65,71,16,325,1,2
S79,11,59,46,45,34,12,27,223,0,3
S80,12,78,48,5,20,25,59,235,0,3
S81,11,97,42,21,71,70,32,333,0,2
S82,12,77,87,4,49,26,37,280,0,2
S83,9,53,72,73,94,39,6,337,1,2
S84,12,52,33,22,10,40,83,240,0,3
S85,11,53,70,7,20,47,81,278,0,2
S86,11,58,66,92,70,79,50,415,1,1
S87,10,92,10,52,88,24,89,355,0,2
S88,9,64,84,76,72,25,45,366,1,1
S89,12,23,36,24,48,19,83,233,0,3
S90,10,63,68,8,62,79,29,309,0,2
S91,12,76,17,57,76,1,38,265,0,3
S92,12,54,93,21,16,10,30,224,0,3
S93,10,76,96,35,37,65,69,378,1,1
S94,10,68,26,95,43,2,24,258,0,3
S95,10,5,56,54,43,43,41,242,1,3
S96,10,82,39,28,3,8,72,232,0,3
S97,10,68,40,71,97,20,80,376,1,1
S98,12,28,98,47,61,35,19,288,0,2
S99,10,78,83,41,38,90,7,337,1,2
S100,9,33,80,69,29,91,82,384,0,1
S101,11,95,27,73,2,46,18,261,0,3
S102,10,65,35,61,65,12,54,292,1,2
S103,10,96,13,99,46,23,84,361,0,1
S104,12,87,65,96,69,22,81,420,1,1
S105,10,7,20,27,0,84,13,151,0,0
S106,10,97,79,22,16,20,91,325,0,2
S107,10,15,4,18,23,58,20,138,0,0
S108,12,44,71,73,34,39,29,290,1,2
S109,10,57,60,7,63,95,40,322,1,2
S110,11,55,19,23,47,33,20,197,0,0
S111,12,13,20,82,61,91,34,301,0,2
S112,11,52,82,79,47,6,98,364,1,1
S113,12,61,53,90,7,94,89,394,1,1
S114,10,76,76,94,36,1,73,356,1,2
S115,11,38,25,10,14,34,84,205,0,3
S116,12,84,22,5,57,83,80,331,0,2
S117,9,47,83,64,81,25,59,359,1,2
S118,10,48,74,50,73,29,36,310,1,2
S119,12,75,90,15,89,76,98,443,1,1
S120,9,69,46,76,27,12,41,271,0,2
S121,12,90,32,66,2,91,70,351,0,2
S122,9,27,75,10,22,30,89,253,0,3
S123,10,12,60,0,40,3,70,185,0,0
S124,11,5,36,23,65,61,73,263,0,3
S125,9,45,32,37,82,1,42,239,0,3
S126,12,79,1,82,28,69,19,278,0,2
S127,10,62,7,86,34,46,45,280,1,2
S128,9,60,74,20,34,23,83,294,0,2
S129,12,12,4,3,97,2,62,180,0,0
S130,12,15,97,41,24,54,38,269,0,3
S131,12,55,48,79,59,88,30,359,1,2
S132,9,45,5,92,53,63,17,275,0,2
S133,9,92,9,3,36,53,63,256,0,3
S134,9,2,81,55,34,46,38,256,1,3
S135,11,65,62,29,4,42,0,202,0,3
S136,9,31,65,74,3,6,86,265,0,3
S137,9,64,35,90,38,38,14,279,1,2
S138,9,43,81,44,51,20,60,299,1,2
S139,11,63,20,38,32,20,55,228,0,3
S140,9,79,56,57,61,54,37,344,1,2
S141,12,24,17,63,82,93,97,376,0,1
S142,9,51,2,17,43,60,56,229,0,3
S143,12,71,43,8,26,10,4,162,0,0
S144,12,13,19,29,21,60,6,148,0,0
S145,12,22,68,91,88,50,97,416,1,1
S146,11,32,24,94,85,74,84,393,0,1
S147,11,51,86,84,59,53,18,351,1,2
S148,11,4,30,79,21,17,40,191,0,0
S149,9,19,35,52,50,94,69,319,1,2
S150,12,87,96,61,56,74,86,460,1,1
S151,11,53,87,47,80,56,11,334,1,2
S152,11,82,62,96,37,79,71,427,1,1
S153,9,83,52,68,55,29,26,313,0,2
S154,11,62,96,48,20,23,33,282,0,2
S155,9,86,37,38,81,76,37,355,1,2
S156,10,95,13,19,49,50,76,302,0,2
S157,11,12,14,87,63,49,88,313,0,2
S158,10,81,75,72,84,43,67,422,1,1
S159,9,13,91,43,9,42,92,290,0,2
S160,12,85,91,13,32,45,22,288,0,2
S161,11,51,28,82,17,39,26,243,0,3
S162,9,73,1,75,8,74,23,254,0,3
S163,12,72,22,48,32,70,61,305,0,2
S164,12,7,83,75,63,90,30,348,0,2
S165,10,90,64,33,9,89,1,286,0,2
S166,9,54,57,21,68,25,36,261,0,3
S167,12,31,44,7,27,84,8,201,0,3
S168,11,44,33,24,6,21,74,202,0,3
S169,11,3,59,71,78,72,68,351,1,2
S170,10,8,82,39,61,10,71,271,0,2
S171,12,42,96,58,26,43,6,271,0,2
S172,9,66,8,32,17,13,12,148,0,0
S173,11,3,7,71,59,52,68,260,0,3
S174,12,3,54,42,30,72,28,229,0,3
S175,12,49,86,89,22,43,94,383,1,1
S176,10,28,23,95,83,14,53,296,0,2
S177,11,39,54,96,20,50,75,334,1,2
S178,11,94,44,87,48,19,73,365,1,1
S179,9,44,53,3,33,22,11,166,0,0
S180,11,33,18,42,32,62,75,262,0,3
S181,9,61,51,40,8,87,7,254,0,3
S182,11,20,98,52,11,85,25,291,0,2
S183,10,17,21,27,48,48,61,222,0,3
S184,11,76,48,10,76,21,79,310,0,2
S185,9,55,10,0,62,88,44,259,0,3
S186,9,87,41,16,72,67,9,292,0,2
S187,10,31,91,69,0,34,8,233,0,3
S188,11,89,7,69,9,81,54,309,0,2
S189,11,87,35,12,27,60,50,271,0,2
S190,10,65,91,29,96,84,98,463,1,1
S191,11,50,52,41,51,79,89,362,1,1
S192,11,91,57,79,71,59,44,401,1,1
S193,9,81,39,99,90,80,89,478,1,1
S194,11,43,31,5,60,79,29,247,0,3
S195,11,40,36,41,87,28,13,245,0,3
S196,10,86,76,32,25,99,72,390,0,1
S197,10,60,43,62,3,90,62,320,1,2
S198,12,12,59,84,19,58,56,288,0,2
S199,9,13,44,34,33,45,48,217,0,3
S200,11,98,11,93,42,93,6,343,0,2
S201,11,40,41,71,5,2,35,194,0,0
S202,12,72,19,57,70,43,85,346,1,2
S203,11,97,29,47,74,87,49,383,1,1
S204,9,61,31,46,30,81,19,268,0,3
S205,12,37,87,51,64,37,29,305,1,2
S206,9,33,15,33,89,20,30,220,0,3
S207,12,78,58,82,16,78,89,401,1,1
S208,12,7,27,65,80,31,85,295,0,2
S209,10,58,12,82,10,1,17,180,0,0
S210,9,98,16,48,40,91,81,374,1,1
S211,11,76,98,13,32,2,41,262,0,3
S212,11,36,0,17,43,84,92,272,0,2
S213,9,76,50,96,54,34,35,345,1,2
S214,11,39,21,13,23,63,97,256,0,3
S215,11,56,20,57,65,12,18,228,0,3
S216,9,50,13,42,10,32,19,166,0,0
S217,12,86,94,2,82,88,17,369,0,1
S218,9,8,25,24,18,28,0,103,0,0
S219,12,72,51,31,31,7,32,224,0,3
S220,11,91,87,25,49,65,97,414,1,1
S221,11,69,34,73,28,71,39,314,1,2
S222,11,70,76,10,6,70,35,267,0,3
S223,10,83,42,53,78,24,71,351,1,2
S224,12,93,26,99,89,14,89,410,0,1
S225,10,8,81,76,76,17,60,318,0,2
S226,10,21,35,26,35,24,47,188,0,0
S227,9,91,64,15,43,34,54,301,1,2
S228,10,80,34,97,63,3,85,362,1,1
S229,9,49,55,14,17,59,38,232,0,3
S230,9,93,49,91,40,86,75,434,1,1
S231,10,7,49,11,35,49,90,241,0,3
S232,12,36,90,25,27,93,50,321,0,2
S233,12,40,58,96,40,57,29,320,1,2
S234,12,12,5,53,70,99,47,286,0,2
S235,12,73,11,62,59,80,99,384,1,1
S236,12,59,37,94,75,44,55,364,1,1
S237,10,36,88,83,5,5,76,293,0,2
S238,10,53,61,70,28,83,44,339,1,2
S239,11,59,15,80,44,61,85,344,1,2
S240,12,73,34,58,88,6,12,271,0,2
S241,10,56,79,78,12,7,51,283,0,2
S242,11,89,48,7,16,73,42,275,0,2
S243,12,96,93,89,38,93,49,458,1,1
S244,9,3,35,38,49,62,83,270,1,0
S245,11,14,41,43,0,49,33,180,0,0
S246,10,99,68,50,89,97,47,450,1,1
S247,9,40,74,29,75,64,47,329,1,2
S248,9,89,70,13,1,44,99,316,0,2
S249,9,48,9,29,68,1,94,249,0,3
S250,11,17,14,36,75,95,75,312,0,2
S251,10,10,48,32,21,36,17,164,0,0
S252,9,77,99,78,57,73,53,437,1,1
S253,12,50,64,33,87,95,59,388,1,1
S254,9,7,83,15,50,88,30,273,0,2
S255,9,17,22,72,6,95,58,270,0,0
S256,11,62,56,51,51,94,74,388,1,1
S257,11,60,8,60,75,55,79,337,1,2
S258,10,46,97,6,28,35,56,268,0,3
S259,12,25,76,73,3,92,96,365,0,1
S260,11,84,0,59,53,21,45,262,0,3
S261,9,0,31,68,93,82,93,367,0,1
S262,10,40,88,85,22,52,52,339,1,2
S263,9,45,77,44,16,88,31,301,0,2
S264,9,69,66,6,36,72,24,273,0,2
S265,11,68,55,29,34,13,95,294,0,2
S266,10,26,76,37,24,90,44,297,0,2
S267,12,89,39,41,76,60,84,389,1,1
S268,12,78,72,71,51,65,46,383,1,1
S269,11,22,96,30,33,95,22,298,0,2
S270,11,48,48,96,3,55,63,313,1,2
S271,10,37,63,55,62,55,66,338,1,2
S272,12,1,51,46,33,28,83,242,0,3
S273,12,78,67,3,57,45,7,257,0,3
S274,12,39,6,44,24,43,15,171,0,0
S275,9,21,8,35,9,83,96,252,0,3
S276,12,44,14,6,10,27,40,141,0,0
S277,9,44,5,81,52,64,17,263,0,3
S278,10,65,64,73,29,19,54,304,0,2
S279,9,68,34,55,38,77,39,311,1,2
S280,10,27,72,51,89,86,65,390,1,1
S281,12,92,85,34,27,69,67,374,1,1
S282,12,42,81,33,85,45,29,315,0,2
S283,10,64,42,36,45,78,9,274,1,2
S284,11,58,16,41,36,66,62,279,1,2
S285,10,6,67,28,58,9,23,191,0,0
S286,11,50,79,60,8,15,36,248,0,3
S287,9,39,19,65,90,89,5,307,0,2
S288,9,70,52,75,10,14,8,229,0,3
S289,9,70,59,35,69,80,22,335,1,2
S290,12,4,97,33,32,95,37,298,0,2
S291,9,27,53,14,52,36,51,233,0,3
S292,11,71,64,28,32,4,10,209,0,3
S293,9,4,8,82,58,3,65,220,0,3
S294,10,64,20,34,37,55,74,284,1,2
S295,10,60,19,3,17,15,36,150,0,0
S296,12,21,36,36,82,1,39,215,0,3
S297,10,19,39,55,85,65,39,302,1,2
S298,11,78,61,25,13,48,82,307,0,2
S299,9,73,41,83,36,65,28,326,1,2
S300,12,7,20,1,30,75,5,138,0,0
S301,9,86,35,66,33,53,62,335,1,2
S302,9,51,8,43,13,58,2,175,0,0
S303,11,60,94,36,33,6,52,281,0,2
S304,10,94,67,32,51,64,73,381,1,1
S305,10,36,58,96,27,68,24,309,0,2
S306,9,7,93,47,27,52,94,320,0,2
S307,12,73,85,52,65,84,50,409,1,1
S308,10,96,60,96,1,38,1,292,0,2
S309,12,1,49,67,65,42,61,285,1,2
S310,10,99,33,32,18,50,48,280,0,2
S311,12,76,38,30,94,30,69,337,0,2
S312,11,3,67,81,59,33,84,327,0,2
S313,12,49,84,28,51,48,42,302,1,2
S314,11,88,10,61,43,90,93,385,1,1
S315,11,82,8,87,17,12,32,238,0,3
S316,12,24,26,86,76,64,6,282,0,2
S317,11,59,93,31,55,99,92,429,1,1
S318,9,94,94,30,41,17,49,325,0,2
S319,11,97,49,84,41,89,74,434,1,1
S320,10,20,18,42,51,20,75,226,0,3
S321,12,16,26,63,51,93,64,313,0,2
S322,9,93,96,22,96,28,80,415,0,1
S323,12,75,15,94,18,3,50,255,0,3
S324,10,72,30,75,98,49,38,362,1,1
S325,10,50,65,58,60,36,66,335,1,2
S326,10,68,24,21,45,47,88,293,0,2
S327,11,1,16,69,71,27,83,267,0,3
S328,11,16,30,50,95,19,60,270,0,0
S329,12,65,4,33,6,3,11,122,0,0
S330,12,92,28,99,25,91,80,415,0,1
S331,9,35,2,22,59,99,24,241,0,3
S332,9,6,61,0,27,9,78,181,0,0
S333,12,92,26,56,69,75,56,374,1,1
S334,11,30,29,61,6,64,64,254,0,3
S335,10,21,40,43,69,21,14,208,0,3
S336,12,89,14,57,18,2,99,279,0,2
S337,9,55,57,22,93,85,8,320,0,2
S338,11,81,83,84,66,55,62,431,1,1
S339,12,68,40,54,87,47,61,357,1,2
S340,12,98,61,13,56,42,51,321,1,2
S341,11,79,19,72,89,99,13,371,0,1
S342,12,64,73,77,42,90,51,397,1,1
S343,11,40,7,6,61,44,41,199,0,3
S344,10,88,79,45,87,18,6,323,0,2
S345,11,94,53,65,50,92,0,354,1,2
S346,11,43,7,58,77,66,50,301,1,2
S347,11,33,79,72,29,64,73,350,0,2
S348,12,99,27,88,83,63,26,386,0,1
S349,12,22,42,68,98,52,33,315,0,2
S350,11,70,40,45,30,10,99,294,0,2
S351,12,26,18,32,79,43,33,231,0,3
S352,9,98,89,41,51,79,86,444,1,1
S353,9,32,19,14,76,97,63,301,0,2
S354,12,62,72,83,76,46,17,356,1,2
S355,12,68,50,57,78,47,6,306,1,2
S356,11,88,38,70,76,30,47,349,1,2
S357,10,2,35,69,36,34,38,214,1,3
S358,12,47,10,88,81,7,7,240,0,3
S359,9,96,22,97,35,98,82,430,1,1
S360,11,48,32,89,22,13,84,288,0,2
S361,12,65,32,72,8,95,37,309,0,2
S362,9,48,88,26,69,67,86,384,1,1
S363,9,11,66,63,76,89,81,386,1,1
S364,10,46,13,46,33,34,37,209,0,3
S365,11,18,57,17,55,54,75,276,0,2
S366,11,58,46,77,48,58,90,377,1,1
S367,10,94,53,79,36,48,48,358,1,2
S368,10,2,14,28,38,83,26,191,0,0
S369,11,40,59,13,48,66,14,240,0,3
S370,11,43,41,4,15,77,90,270,0,0
S371,12,22,32,36,90,15,29,224,0,3
S372,12,63,7,96,27,39,14,246,0,3
S373,10,6,54,1,15,54,49,179,0,0
S374,12,67,48,85,53,41,50,344,1,2
S375,9,66,61,30,61,42,85,345,1,2
S376,12,48,58,98,67,87,44,402,1,1
S377,12,73,22,31,23,17,2,168,0,0
S378,9,11,82,31,35,2,85,246,0,3
S379,10,85,46,22,82,12,71,318,0,2
S380,9,96,41,97,68,50,76,428,1,1
S381,12,22,31,60,52,99,55,319,0,2
S382,10,28,95,22,38,27,24,234,0,3
S383,12,88,19,49,17,36,50,259,0,3
S384,9,13,52,11,77,95,57,305,0,2
S385,9,61,20,18,5,6,6,116,0,0
S386,12,55,51,41,41,25,46,259,1,3
S387,11,48,95,60,18,80,87,388,1,1
S388,11,1,63,66,31,3,24,188,0,0
S389,9,4,6,94,14,97,20,235,0,3
S390,9,3,20,0,38,65,28,154,0,0
S391,11,88,59,36,73,5,18,279,0,2
S392,11,94,15,6,73,46,64,298,0,2
S393,12,35,28,25,32,96,51,267,0,3
S394,12,52,60,41,1,20,88,262,0,3
S395,11,34,70,74,26,51,80,335,1,2
S396,12,44,26,42,34,94,33,273,0,2
S397,12,85,10,49,70,51,60,325,1,2
S398,10,70,27,91,37,5,58,288,0,2
S399,12,86,24,8,21,86,21,246,0,3
S400,9,72,56,64,64,19,62,337,1,2
S401,12,20,43,50,70,35,27,245,0,3
S402,12,27,80,10,58,29,63,267,0,3
S403,11,47,75,1,5,36,77,241,0,3
S404,9,4,65,45,79,89,47,329,1,2
S405,12,95,71,26,35,45,3,275,0,2
S406,12,34,91,44,77,95,79,420,1,1
S407,10,57,59,14,90,37,30,287,0,2
S408,12,29,72,84,10,57,67,319,0,2
S409,12,80,98,36,71,18,86,389,1,1
S410,10,83,0,37,60,76,43,299,1,2
S411,11,91,50,1,91,10,4,247,0,3
S412,12,65,69,4,53,11,66,268,0,3
S413,10,80,50,32,20,58,38,278,0,2
S414,9,27,92,15,28,76,64,302,0,2
S415,11,53,47,63,38,77,89,367,1,1
S416,9,60,46,45,90,96,79,416,1,1
S417,9,26,53,75,88,44,36,322,1,2
S418,10,70,34,27,67,55,29,282,0,2
S419,12,37,88,9,1,38,53,226,0,3
S420,10,59,84,84,23,5,37,292,0,2
S421,10,98,54,97,85,54,25,413,1,1
S422,10,6,57,72,32,16,37,220,0,3
S423,10,96,84,93,88,50,25,436,1,1
S424,11,37,19,41,2,99,67,265,0,3
S425,12,32,57,94,13,73,27,296,0,2
S426,9,29,25,12,45,93,69,273,0,2
S427,9,23,79,53,61,30,93,339,0,2
S428,12,44,23,49,85,64,10,275,0,2
S429,9,51,43,86,24,43,68,315,1,2
S430,12,75,38,51,34,84,44,326,1,2
S431,9,11,48,9,58,99,50,275,0,2
S432,10,43,41,90,40,23,68,305,1,2
S433,9,44,40,58,43,29,92,306,1,2
S434,12,53,89,73,25,52,25,317,0,2
S435,12,1,84,85,62,56,43,331,1,2
S436,12,77,76,22,35,1,14,225,0,3
S437,12,23,25,13,27,59,11,158,0,0
S438,12,89,23,76,83,1,93,365,0,1
S439,11,55,19,63,64,8,80,289,0,2
S440,11,11,87,18,27,90,50,283,0,2
S441,9,8,92,42,57,70,59,328,1,2
S442,12,94,70,30,77,11,39,321,0,2
S443,9,84,74,47,16,78,66,365,1,1
S444,12,81,24,10,25,44,65,249,0,3
S445,12,63,32,94,2,41,2,234,0,3
S446,11,71,48,30,25,8,82,264,0,3
S447,11,26,77,97,26,6,84,316,0,2
S448,10,38,37,70,9,28,72,254,0,3
S449,11,35,90,3,86,24,93,331,0,2
S450,10,57,25,9,99,39,48,277,0,2
S451,10,12,1,54,71,26,49,213,0,3
S452,10,66,80,56,82,94,26,404,1,1
S453,10,85,85,82,23,52,80,407,1,1
S454,10,58,44,67,62,10,12,253,0,3
S455,9,32,82,75,57,44,1,291,0,2
S456,11,19,42,55,93,59,1,269,0,3
S457,10,72,46,65,24,35,45,287,1,2
S458,12,82,2,5,43,20,64,216,0,3
S459,11,68,74,84,27,25,98,376,0,1
S460,11,81,47,90,50,45,9,322,1,2
S461,10,58,12,63,41,89,25,288,0,2
S462,9,32,63,20,63,87,11,276,0,2
S463,10,27,39,55,32,47,52,252,0,3
S464,9,92,6,60,14,56,41,269,0,3
S465,12,42,69,3,64,44,55,277,1,2
S466,11,52,97,10,62,20,12,253,0,3
S467,12,56,6,92,92,25,29,300,0,2
S468,9,24,22,41,16,29,16,148,0,0
S469,9,94,79,31,89,79,13,385,0,1
S470,12,12,70,12,55,80,0,229,0,3
S471,9,27,87,94,92,14,28,342,0,2
S472,12,94,17,62,71,21,27,292,0,2
S473,11,5,36,2,67,5,92,207,0,3
S474,12,0,47,11,7,77,90,232,0,3
S475,11,72,77,25,90,41,88,393,1,1
S476,12,94,98,56,53,87,24,412,1,1
S477,9,97,84,28,64,49,88,410,1,1
S478,12,96,87,48,44,38,43,356,1,2
S479,9,14,82,76,46,69,96,383,1,1
S480,12,29,26,94,73,82,46,350,0,2
S481,12,52,51,43,53,92,73,364,1,1
S482,10,87,45,72,15,34,18,271,0,2
S483,9,68,17,11,71,50,64,281,0,2
S484,10,78,65,24,53,14,2,236,0,3
S485,9,29,15,16,96,52,56,264,0,3
S486,10,47,19,22,45,63,99,295,0,2
S487,11,94,82,8,88,21,35,328,0,2
S488,12,85,42,77,57,73,29,363,1,1
S489,9,54,98,0,6,22,65,245,0,3
S490,9,12,54,10,55,29,73,233,0,3
S491,12,70,66,89,10,40,81,356,1,2
S492,9,40,30,38,52,82,62,304,1,2
S493,9,47,10,13,34,44,59,207,0,3
S494,10,57,70,10,40,7,90,274,0,2
S495,9,21,2,13,98,21,84,239,0,3
S496,11,63,69,30,11,85,36,294,0,2
S497,11,38,38,53,53,53,33,268,1,3
S498,12,21,24,53,26,62,94,280,0,2
S499,9,62,82,54,70,48,33,349,1,2
S500,12,10,49,52,79,20,95,305,0,2
S501,11,47,85,23,85,12,83,335,0,2
S502,9,16,35,62,42,99,0,254,0,3
S503,9,81,73,42,37,95,46,374,1,1
S504,12,52,17,82,10,77,18,256,0,3
S505,11,26,50,62,95,35,46,314,1,2
S506,9,73,3,95,96,43,64,374,1,1
S507,12,7,35,88,15,22,46,213,0,3
S508,11,89,11,86,84,71,21,362,0,1
S509,12,62,79,19,37,17,78,292,0,2
S510,10,77,43,11,70,63,73,337,1,2
S511,9,15,35,31,42,37,75,235,0,3
S512,10,62,90,33,89,60,47,381,1,1
S513,11,89,77,71,56,9,19,321,0,2
S514,10,3,47,66,24,25,16,181,0,0
S515,10,37,17,4,90,57,1,206,0,3
S516,11,20,23,61,18,71,38,231,0,3
S517,12,49,85,50,4,40,67,295,1,2
S518,10,96,68,83,20,49,80,396,1,1
S519,12,97,20,12,32,84,62,307,0,2
S520,10,34,7,14,75,40,29,199,0,3
S521,12,97,82,20,89,45,74,407,1,1
S522,11,58,2,62,29,51,30,232,0,3
S523,10,74,13,59,38,65,11,260,0,3
S524,11,15,6,79,40,28,20,188,0,0
S525,10,1,20,63,23,21,28,156,0,0
S526,11,81,27,69,67,49,27,320,0,2
S527,11,60,63,4,19,57,52,255,0,3
S528,10,31,20,8,89,95,52,295,0,2
S529,10,23,91,39,38,3,91,285,0,2
S530,10,1,75,15,23,17,56,187,0,0
S531,9,50,29,26,59,20,25,209,0,3
S532,12,36,92,84,53,28,93,386,1,1
S533,9,88,91,97,93,94,42,505,1,1
S534,9,62,44,41,6,90,23,266,0,3
S535,11,70,71,76,20,67,67,371,1,1
S536,10,2,50,96,64,45,76,333,1,2
S537,12,19,74,69,93,76,89,420,1,1
S538,11,47,59,34,70,83,15,308,1,2
S539,9,58,91,14,87,62,23,335,0,2
S540,10,88,76,84,40,67,73,428,1,1
S541,11,18,33,94,61,7,52,265,0,3
S542,10,3,70,6,13,53,77,222,0,3
S543,11,5,91,61,41,23,88,309,0,2
S544,10,4,64,4,47,6,53,178,0,0
S545,9,48,78,34,16,39,58,273,1,2
S546,12,69,43,64,59,34,95,364,1,1
S547,9,78,83,68,43,76,85,433,1,1
S548,12,91,38,68,40,41,5,283,1,2
S549,10,5,6,60,38,69,60,238,0,3
S550,11,79,77,93,49,47,16,361,1,1
S551,9,43,46,95,23,4,18,229,0,3
S552,12,88,43,35,73,99,42,380,1,1
S553,9,71,48,1,98,90,17,325,0,2
S554,12,75,72,76,97,30,99,449,1,1
S555,9,22,55,57,6,72,89,301,0,2
S556,12,66,45,85,89,33,12,330,0,2
S557,12,13,45,99,90,88,65,400,1,1
S558,10,85,88,39,97,31,15,355,0,2
S559,12,31,77,66,63,83,14,334,0,2
S560,10,57,54,80,77,29,24,321,0,2
S561,12,53,66,88,37,32,33,309,0,2
S562,11,15,87,5,37,75,10,229,0,3
S563,11,32,65,11,25,1,43,177,0,0
S564,11,68,31,37,22,63,88,309,0,2
S565,12,54,51,35,83,58,53,334,1,2
S566,10,95,98,78,98,23,70,462,1,1
S567,10,55,13,10,3,82,11,174,0,0
S568,12,66,37,59,63,33,36,294,1,2
S569,11,31,76,11,14,86,65,283,0,2
S570,11,83,19,55,82,47,45,331,1,2
S571,10,17,13,87,82,89,13,301,0,2
S572,11,95,82,52,59,1,94,383,1,1
S573,9,58,47,21,20,24,20,190,0,0
S574,10,89,90,99,90,63,36,467,1,1
S575,11,53,79,43,94,49,26,344,1,2
S576,10,34,23,31,49,98,44,279,0,2
S577,9,32,60,92,10,52,79,325,0,2
S578,10,37,76,63,80,53,49,358,1,2
S579,10,92,85,96,39,51,35,398,1,1
S580,10,0,78,50,26,34,71,259,0,3
S581,10,70,19,65,9,37,14,214,0,3
S582,9,77,29,52,7,39,80,284,0,2
S583,12,88,84,40,85,40,17,354,1,2
S584,10,23,39,34,96,41,51,284,1,2
S585,10,93,6,69,36,40,65,309,1,2
S586,11,53,28,6,66,10,62,225,0,3
S587,10,32,1,12,22,41,1,109,0,0
S588,11,95,32,99,99,13,49,387,0,1
S589,12,73,43,25,4,99,36,280,0,2
S590,9,77,97,20,76,26,20,316,0,2
S591,9,79,18,76,23,6,28,230,0,3
S592,12,97,55,88,59,35,38,372,1,1
S593,9,76,22,0,76,71,65,310,0,2
S594,12,96,75,46,50,59,27,353,1,2
S595,12,89,25,11,25,92,52,294,0,2
S596,12,34,97,93,92,0,31,347,0,2
S597,9,67,54,21,88,41,19,290,0,2
S598,11,14,51,58,80,87,3,293,0,2
S599,12,2,52,90,31,64,88,327,0,2
S600,10,89,75,83,4,8,79,338,0,2
S601,9,74,89,48,88,41,53,393,1,1
S602,12,14,57,55,59,63,79,327,1,2
S603,12,70,22,42,13,26,92,265,0,3
S604,10,81,85,16,36,64,9,291,0,2
S605,11,60,88,31,55,19,84,337,0,2
S606,11,16,34,89,5,63,68,275,0,2
S607,11,1,75,61,2,71,38,248,0,3
S608,12,2,13,2,67,31,37,152,0,0
S609,12,85,2,67,92,51,38,335,1,2
S610,12,51,66,17,78,53,1,266,0,3
S611,9,91,84,3,93,95,49,415,1,1
S612,10,29,55,68,73,18,98,341,0,2
S613,12,76,93,70,85,51,99,474,1,1
S614,10,43,13,35,15,97,48,251,0,3
S615,10,99,21,51,97,74,66,408,1,1
S616,11,3,36,2,23,75,80,219,0,3
S617,9,43,30,12,65,94,30,274,0,2
S618,12,99,59,1,92,1,9,261,0,3
S619,11,73,22,94,52,57,37,335,1,2
S620,11,93,60,77,13,88,75,406,1,1
S621,12,18,49,44,20,80,55,266,0,3
S622,10,83,95,0,3,30,87,298,0,2
S623,11,71,34,53,4,36,73,271,1,2
S624,10,18,7,75,65,3,90,258,0,3
S625,9,24,16,75,66,91,97,369,0,1
S626,10,16,39,38,35,91,49,268,1,3
S627,9,14,87,53,52,22,45,273,0,2
S628,10,32,84,92,23,74,48,353,0,2
S629,11,69,57,76,31,75,99,407,1,1
S630,11,52,52,20,28,66,53,271,0,2
S631,9,53,59,37,8,39,55,251,1,3
S632,12,39,1,17,74,10,5,146,0,0
S633,9,52,44,17,67,17,49,246,0,3
S634,9,64,36,36,26,85,60,307,1,2
S635,10,76,94,65,47,39,13,334,1,2
S636,10,26,3,51,55,20,37,192,0,0
S637,9,41,10,20,16,10,48,145,0,0
S638,11,90,64,56,47,13,7,277,0,2
S639,10,50,3,32,64,52,43,244,0,3
S640,12,61,60,81,19,24,72,317,0,2
S641,10,17,7,46,79,33,86,268,0,3
S642,10,75,84,10,10,75,98,352,0,2
S643,12,42,16,72,93,37,16,276,0,2
S644,9,25,37,4,37,41,28,172,0,0
S645,12,19,42,40,67,2,98,268,0,3
S646,9,21,73,9,26,16,62,207,0,3
S647,9,85,33,4,84,11,73,290,0,2
S648,9,14,10,29,97,68,20,238,0,3
S649,12,20,86,33,19,10,62,230,0,3
S650,9,52,25,46,64,70,60,317,1,2
S651,11,90,51,74,25,23,95,358,0,2
S652,12,23,22,35,78,43,79,280,0,2
S653,11,49,13,22,69,58,63,274,0,2
S654,9,39,73,43,86,2,31,274,0,2
S655,10,2,73,81,5,42,36,239,0,3
S656,9,5,86,35,80,0,83,289,0,2
S657,11,90,35,27,53,52,80,337,1,2
S658,11,73,31,75,12,46,49,286,0,2
S659,12,44,68,82,47,12,99,352,1,2
S660,10,97,10,7,67,89,0,270,0,0
S661,12,37,29,79,87,40,88,360,1,0
S662,11,54,26,34,63,30,43,250,0,3
S663,9,12,18,14,61,49,0,154,0,0
S664,10,1,72,55,95,57,19,299,0,2
S665,9,24,44,95,94,12,78,347,0,2
S666,9,40,11,39,11,28,9,138,0,0
S667,10,16,12,99,71,37,35,270,0,0
S668,12,73,11,47,37,13,72,253,0,3
S669,9,25,88,18,8,2,1,142,0,0
S670,11,32,6,60,45,52,93,288,0,2
S671,9,99,90,81,60,83,50,463,1,1
S672,10,4,75,9,9,65,78,240,0,3
S673,10,36,61,99,43,97,8,344,1,2
S674,10,99,55,37,97,0,45,333,1,2
S675,12,88,55,97,38,69,80,427,1,1
S676,9,17,28,25,92,94,89,345,0,2
S677,12,41,26,70,73,40,47,297,1,2
S678,12,51,50,48,23,15,5,192,0,0
S679,10,66,22,45,36,32,45,246,0,3
S680,10,3,83,0,17,72,61,236,0,3
S681,12,29,51,6,8,26,36,156,0,0
S682,9,74,88,90,74,69,84,479,1,1
S683,11,92,83,2,36,62,67,342,1,2
S684,12,27,15,1,2,53,85,183,0,0
S685,9,74,5,0,58,92,60,289,0,2
S686,10,68,12,74,2,58,93,307,0,2
S687,10,14,96,96,16,58,76,356,0,2
S688,9,96,68,37,62,57,28,348,1,2
S689,11,76,66,50,47,55,48,342,1,2
S690,10,13,60,14,26,9,70,192,0,0
S691,10,17,14,64,87,46,83,311,0,2
S692,10,48,63,55,17,77,89,349,1,2
S693,9,26,78,23,57,32,25,241,0,3
S694,12,57,91,63,96,46,70,423,1,1
S695,10,78,20,77,10,92,26,303,0,2
S696,12,71,16,69,60,28,26,270,0,0
S697,11,11,3,74,91,18,81,278,0,2
S698,10,47,42,11,43,59,77,279,1,2
S699,10,57,81,61,28,22,56,305,0,2
S700,11,50,78,96,40,65,56,385,1,1
S701,10,68,28,51,23,23,69,262,0,3
S702,12,49,83,62,16,54,63,327,1,2
S703,9,61,52,15,2,88,62,280,0,2
S704,12,25,2,43,31,58,38,197,0,0
S705,9,85,3,86,59,7,88,328,0,2
S706,9,0,36,19,86,0,49,190,0,0
S707,12,67,79,58,84,54,7,349,1,2
S708,12,88,66,24,73,33,89,373,0,1
S709,12,0,48,94,73,52,96,363,1,1
S710,12,2,57,20,18,46,10,153,0,0
S711,11,91,60,14,15,54,82,316,0,2
S712,10,38,65,20,36,34,37,230,1,3
S713,9,18,6,32,59,82,93,290,0,2
S714,12,24,41,94,85,72,90,406,1,1
S715,12,13,59,12,53,72,60,269,0,3
S716,12,41,6,45,45,73,96,306,1,2
S717,11,74,98,88,14,24,86,384,0,1
S718,12,4,82,46,7,68,60,267,0,3
S719,12,25,31,82,81,42,21,282,0,2
S720,12,4,72,20,76,91,83,346,0,2
S721,10,73,18,3,55,77,87,313,0,2
S722,11,77,54,27,85,11,25,279,0,2
S723,12,55,50,53,65,36,35,294,1,2
S724,9,55,19,38,46,80,20,258,0,3
S725,9,94,69,37,20,68,86,374,1,1
S726,9,93,32,57,8,85,7,282,0,2
S727,11,96,34,30,76,62,68,366,1,1
S728,11,82,74,64,67,23,14,324,0,2
S729,9,3,89,96,21,78,85,372,0,1
S730,12,78,88,29,0,65,15,275,0,2
S731,11,82,51,76,75,9,29,322,0,2
S732,9,26,2,53,1,92,41,215,0,3
S733,9,54,30,84,51,4,18,241,0,3
S734,12,12,27,5,36,87,63,230,0,3
S735,10,16,37,64,95,24,26,262,0,3
S736,11,21,97,67,45,24,11,265,0,3
S737,12,16,41,95,43,99,7,301,0,2
S738,9,77,60,44,86,47,22,336,1,2
S739,9,46,93,58,39,12,61,309,1,2
S740,12,5,72,44,85,73,75,354,1,2
S741,11,2,20,96,15,39,51,223,0,3
S742,10,19,69,31,5,30,75,229,0,3
S743,10,23,3,98,4,64,39,231,0,3
S744,9,17,64,3,32,83,74,273,0,2
S745,11,93,6,11,7,27,79,223,0,3
S746,10,62,82,36,20,40,46,286,1,2
S747,11,45,60,18,44,53,1,221,0,3
S748,11,2,41,3,98,35,57,236,0,3
S749,9,0,96,80,74,70,42,362,1,1
S750,10,9,11,1,62,20,36,139,0,0
S751,12,72,78,62,32,72,53,369,1,1
S752,9,20,92,15,82,92,61,362,0,1
S753,10,71,31,36,96,55,85,374,1,1
S754,10,71,50,70,4,92,10,297,0,2
S755,10,51,88,53,10,94,20,316,0,2
S756,10,91,78,67,97,99,8,440,1,1
S757,10,47,71,5,37,65,40,265,1,3
S758,11,87,73,74,84,4,11,333,0,2
S759,9,54,30,33,17,1,38,173,0,0
S760,11,99,13,76,95,91,73,447,1,1
S761,12,44,20,36,33,22,86,241,0,3
S762,10,98,51,29,19,60,24,281,0,2
S763,9,5,62,5,79,33,16,200,0,3
S764,10,64,9,42,44,76,7,242,0,3
S765,9,39,18,56,53,29,78,273,0,2
S766,11,4,16,92,45,7,71,235,0,3
S767,9,23,52,87,94,16,27,299,0,2
S768,12,49,99,32,30,57,53,320,0,2
S769,12,81,86,45,11,29,13,265,0,3
S770,9,97,66,70,83,75,49,440,1,1
S771,9,82,64,65,74,96,38,419,1,1
S772,9,61,83,54,99,47,72,416,1,1
S773,9,6,6,35,48,85,68,248,0,3
S774,12,7,23,27,45,50,6,158,0,0
S775,10,15,0,93,89,99,42,338,0,2
S776,9,88,67,82,68,21,68,394,1,1
S777,9,91,88,80,84,19,80,442,1,1
S778,12,20,48,2,10,61,41,182,0,0
S779,12,55,96,71,72,66,26,386,1,1
S780,11,90,35,68,5,76,5,279,0,2
S781,9,31,75,43,70,95,23,337,0,2
S782,11,47,15,97,90,9,26,284,0,2
S783,12,35,32,72,82,99,10,330,0,2
S784,12,0,96,98,73,97,91,455,1,1
S785,10,83,68,56,11,90,21,329,0,2
S786,9,2,8,32,41,92,88,263,0,3
S787,11,74,40,41,6,84,60,305,1,2
S788,12,93,94,30,97,58,27,399,0,1
S789,12,37,71,59,16,36,29,248,0,3
S790,11,78,70,56,94,36,72,406,1,1
S791,10,57,42,7,44,44,71,265,1,3
S792,12,45,55,50,45,34,7,236,1,3
S793,9,65,56,83,7,54,22,287,0,2
S794,12,47,42,50,18,90,30,277,0,2
S795,9,49,80,93,69,79,14,384,1,1
S796,11,79,29,21,99,66,81,375,0,1
S797,9,2,65,69,4,86,89,315,0,2
S798,11,91,96,63,93,92,4,439,1,1
S799,9,23,64,89,76,15,98,365,0,1
S800,11,30,87,30,56,63,39,305,0,2
S801,9,3,39,88,98,76,86,390,1,1
S802,10,74,46,46,49,72,27,314,1,2
S803,9,3,53,64,64,88,42,314,1,2
S804,9,38,15,44,68,47,10,222,0,3
S805,10,33,85,59,21,70,21,289,0,2
S806,12,60,79,67,1,35,25,267,0,3
S807,12,98,18,84,43,1,26,270,0,0
S808,9,63,46,94,92,34,1,330,1,2
S809,10,13,77,95,61,65,96,407,1,1
S810,9,87,53,41,16,23,3,223,0,3
S811,11,14,56,92,81,87,97,427,1,1
S812,11,77,62,72,6,35,2,254,0,3
S813,9,89,9,83,95,57,8,341,0,2
S814,12,31,39,64,41,35,9,219,0,3
S815,12,24,57,29,51,93,93,347,0,2
S816,9,8,3,74,92,35,44,256,0,3
S817,9,17,23,21,4,17,45,127,0,0
S818,11,46,71,95,56,79,96,443,1,1
S819,12,67,76,76,16,58,49,342,1,2
S820,9,40,73,26,95,86,75,395,1,1
S821,11,89,46,82,96,1,84,398,1,1
S822,12,30,17,39,40,11,92,229,0,3
S823,10,99,22,82,78,92,17,390,0,1
S824,11,79,66,78,79,44,11,357,1,2
S825,12,76,67,16,95,62,26,342,0,2
S826,12,62,70,59,84,77,36,388,1,1
S827,11,76,32,0,94,53,70,325,0,2
S828,10,43,67,36,67,40,87,340,1,2
S829,11,23,54,58,59,55,72,321,1,2
S830,12,87,43,44,56,13,79,322,1,2
S831,9,16,76,69,17,15,67,260,0,3
S832,9,67,6,20,63,92,6,254,0,3
S833,11,30,61,70,46,12,41,260,0,3
S834,12,8,57,54,5,81,61,266,0,3
S835,9,96,96,82,87,67,53,481,1,1
S836,12,24,87,51,0,75,8,245,0,3
S837,11,62,12,25,58,82,59,298,0,2
S838,9,71,9,38,55,8,91,272,0,2
S839,12,92,38,51,94,98,26,399,1,1
S840,9,79,62,71,68,84,79,443,1,1
S841,11,24,83,85,42,77,80,391,1,1
S842,12,5,13,14,38,38,15,123,0,0
S843,9,99,53,61,5,10,65,293,0,2
S844,11,14,68,80,84,81,20,347,0,2
S845,9,16,51,18,69,18,40,212,0,3
S846,9,93,30,19,94,17,63,316,0,2
S847,10,85,47,73,33,93,27,358,0,2
S848,10,39,45,66,93,18,84,345,1,2
S849,11,54,61,26,0,43,24,208,0,3
S850,10,62,81,43,47,81,75,389,1,1
S851,11,63,63,58,63,29,99,375,1,1
S852,10,96,76,22,17,20,23,254,0,3
S853,9,38,8,77,37,82,70,312,1,2
S854,11,50,43,15,16,83,49,256,0,3
S855,11,89,5,49,42,35,5,225,0,3
S856,9,90,57,33,91,90,14,375,0,1
S857,11,73,50,36,76,88,89,412,1,1
S858,11,6,94,50,98,82,85,415,1,1
S859,10,76,26,9,91,23,14,239,0,3
S860,11,2,45,37,32,17,42,175,0,0
S861,12,84,36,55,14,22,61,272,0,2
S862,9,34,64,45,51,25,54,273,1,2
S863,10,77,29,50,33,68,96,353,0,2
S864,10,90,91,26,86,55,67,415,1,1
S865,12,15,98,19,56,18,71,277,0,2
S866,9,88,18,7,39,60,17,229,0,3
S867,9,32,8,61,50,53,36,240,0,3
S868,10,28,98,83,41,1,94,345,0,2
S869,11,48,15,68,35,12,47,225,0,3
S870,10,70,42,65,73,43,71,364,1,1
S871,9,56,54,34,61,30,19,254,0,3
S872,12,34,55,35,69,18,91,302,1,2
S873,10,74,28,12,5,19,96,234,0,3
S874,9,58,40,55,49,55,0,257,1,3
S875,10,59,77,95,14,23,83,351,0,2
S876,11,97,63,26,31,93,75,385,0,1
S877,10,28,46,70,38,67,89,338,1,2
S878,10,91,86,64,32,21,17,311,0,2
S879,9,68,73,79,81,78,83,462,1,1
S880,9,30,82,86,55,78,18,349,0,2
S881,9,29,64,93,40,29,98,353,0,2
S882,10,40,35,74,8,35,83,275,1,2
S883,11,42,35,95,92,75,77,416,1,1
S884,12,65,18,98,90,67,9,347,0,2
S885,12,87,37,63,60,19,18,284,0,2
S886,9,9,95,24,51,59,68,306,0,2
S887,9,48,94,2,28,21,29,222,0,3
S888,10,53,0,99,33,41,64,290,0,2
S889,12,75,29,15,27,10,16,172,0,0
S890,9,58,9,27,3,7,79,183,0,0
S891,11,26,91,92,74,9,98,390,0,1
S892,11,54,5,40,81,10,13,203,0,3
S893,9,97,1,16,83,32,48,277,0,2
S894,9,12,25,63,87,3,77,267,0,3
S895,12,60,61,30,28,82,77,338,0,2
S896,12,87,59,70,56,41,15,328,1,2
S897,10,34,22,18,53,52,39,218,0,3
S898,12,17,66,12,56,0,53,204,0,3
S899,11,87,63,27,44,20,15,256,0,3
S900,11,30,38,32,78,29,37,244,0,3
S901,9,94,53,21,4,55,54,281,0,2
S902,12,53,27,91,9,15,72,267,0,3
S903,10,50,81,16,62,8,86,303,0,2
S904,11,59,45,87,93,63,24,371,1,1
S905,11,27,1,9,57,1,68,163,0,0
S906,10,46,53,96,45,60,62,362,1,1
S907,10,11,71,69,89,26,70,336,0,2
S908,11,42,7,61,64,62,24,260,0,3
S909,11,74,89,8,64,66,36,337,1,2
S910,10,55,50,28,27,73,25,258,0,3
S911,11,62,1,6,71,15,30,185,0,0
S912,9,84,82,5,26,21,89,307,0,2
S913,9,25,44,57,69,0,38,233,0,3
S914,10,4,12,86,20,98,89,309,0,2
S915,12,53,80,41,25,49,78,326,1,2
S916,10,60,31,79,70,82,80,402,1,1
S917,10,23,42,54,38,84,6,247,0,3
S918,12,35,89,91,21,1,3,240,0,3
S919,12,34,77,8,82,58,67,326,1,2
S920,12,43,67,61,9,42,73,295,1,2
S921,9,29,15,16,33,33,90,216,0,3
S922,11,15,54,3,52,7,18,149,0,0
S923,9,92,76,30,18,10,38,264,0,3
S924,11,95,9,86,86,8,13,297,0,2
S925,9,36,99,67,63,91,16,372,1,1
S926,11,66,54,88,66,88,26,388,1,1
S927,9,17,90,66,80,6,78,337,0,2
S928,12,65,9,81,66,51,35,307,1,2
S929,10,9,1,2,64,14,59,149,0,0
S930,9,20,32,95,10,44,18,219,0,3
S931,11,20,34,46,71,57,28,256,0,3
S932,12,54,81,67,27,38,84,351,1,2
S933,9,69,73,84,0,56,2,284,0,2
S934,9,43,39,89,66,98,85,420,1,1
S935,12,14,91,6,38,17,58,224,0,3
S936,9,95,49,27,79,75,49,374,1,1
S937,10,72,44,0,88,69,72,345,1,2
S938,9,83,8,0,33,74,41,239,0,3
S939,10,60,73,94,80,15,78,400,1,1
S940,10,92,50,61,68,23,50,344,1,2
S941,12,51,62,85,83,59,52,392,1,1
S942,9,83,80,70,98,16,44,391,1,1
S943,12,81,91,54,22,39,1,288,0,2
S944,9,85,20,67,26,4,74,276,0,2
S945,9,67,73,17,91,21,91,360,0,0
S946,11,23,9,19,43,57,81,232,0,3
S947,9,95,85,68,53,25,95,421,1,1
S948,12,55,89,54,36,67,41,342,1,2
S949,10,20,72,36,41,89,64,322,1,2
S950,9,74,50,93,92,69,16,394,1,1
S951,11,44,20,76,86,91,2,319,0,2
S952,12,89,92,97,55,26,93,452,1,1
S953,9,58,2,61,39,31,41,232,0,3
S954,12,4,6,97,67,92,57,323,0,2
S955,11,15,47,87,5,89,91,334,0,2
S956,11,22,73,85,10,39,8,237,0,3
S957,12,25,37,70,81,1,72,286,0,2
S958,9,29,78,63,93,71,77,411,1,1
S959,10,80,72,69,78,48,8,355,1,2
S960,11,84,10,96,37,7,38,272,0,2
S961,9,87,20,96,81,73,41,398,1,1
S962,9,40,19,71,17,35,24,206,0,3
S963,10,55,65,67,16,63,42,308,1,2
S964,11,77,20,33,78,66,5,279,0,2
S965,11,98,15,38,69,49,8,277,0,2
S966,9,37,53,23,14,40,42,209,0,3
S967,9,4,52,43,17,58,96,270,0,0
S968,10,72,35,4,46,39,12,208,0,3
S969,10,26,31,75,58,56,99,345,0,2
S970,11,53,93,13,12,28,94,293,0,2
S971,12,89,66,29,73,10,36,303,0,2
S972,11,73,56,52,51,15,78,325,1,2
S973,9,18,14,26,96,54,36,244,0,3
S974,11,37,47,5,95,60,24,268,0,3
S975,12,5,94,79,23,36,37,274,0,2
S976,10,69,24,83,10,3,82,271,0,2
S977,12,86,16,88,31,48,81,350,0,2
S978,12,15,93,80,97,73,8,366,0,1
S979,12,98,90,12,12,70,84,366,0,1
S980,10,12,79,13,28,1,4,137,0,0
S981,12,45,64,27,64,69,75,344,1,2
S982,12,28,87,54,63,69,96,397,1,1
S983,12,76,49,53,93,93,44,408,1,1
S984,9,95,65,89,39,56,73,417,1,1
S985,12,84,82,46,74,54,46,386,1,1
S986,10,12,94,50,84,87,16,343,0,2
S987,12,94,61,61,91,65,59,431,1,1
S988,12,76,36,53,60,32,27,284,0,2
S989,10,96,46,66,87,65,23,383,1,1
S990,12,10,4,65,3,46,26,154,0,0
S991,10,30,68,30,14,16,6,164,0,0
S992,12,98,53,29,61,40,11,292,0,2
S993,10,55,94,59,68,82,89,447,1,1
S994,12,72,30,34,90,71,36,333,1,2
S995,12,94,62,68,84,13,35,356,1,2
S996,9,55,89,68,58,13,13,296,0,2
S997,9,42,62,25,87,51,68,335,1,2
S998,12,9,83,70,14,11,78,265,0,3
S999,12,23,82,31,42,84,52,314,0,2
S1000,11,75,78,68,33,79,91,424,1,1
